{
    "root_group": {
        "name": "",
        "path": "",
        "id": "d41d8cd98f00b204e9800998ecf8427e",
        "groups": {},
        "checks": {}
    },
    "metrics": {
        "data_sent": {
            "count": 465,
            "rate": 437.5996950918253
        },
        "data_received": {
            "count": 119530,
            "rate": 112486.64850392663
        },
        "iteration_duration": {
            "avg": 1062.615,
            "min": 1062.615,
            "med": 1062.615,
            "max": 1062.615,
            "p(90)": 1062.615,
            "p(95)": 1062.615
        },
        "vus": {
            "min": 1,
            "max": 1,
            "value": 1
        },
        "http_reqs": {
            "rate": 0.9410746131006996,
            "count": 1
        },
        "http_req_tls_handshaking": {
            "avg": 199.0889,
            "min": 199.0889,
            "med": 199.0889,
            "max": 199.0889,
            "p(90)": 199.0889,
            "p(95)": 199.0889
        },
        "http_req_receiving": {
            "p(95)": 441.2427,
            "avg": 441.2427,
            "min": 441.2427,
            "med": 441.2427,
            "max": 441.2427,
            "p(90)": 441.2427
        },
        "http_req_waiting": {
            "avg": 156.6404,
            "min": 156.6404,
            "med": 156.6404,
            "max": 156.6404,
            "p(90)": 156.6404,
            "p(95)": 156.6404
        },
        "http_req_failed": {
            "fails": 1,
            "passes": 0,
            "value": 0
        },
        "vus_max": {
            "value": 1,
            "min": 1,
            "max": 1
        },
        "http_req_sending": {
            "p(95)": 0.1207,
            "avg": 0.1207,
            "min": 0.1207,
            "med": 0.1207,
            "max": 0.1207,
            "p(90)": 0.1207
        },
        "iterations": {
            "count": 1,
            "rate": 0.9410746131006996
        },
        "http_req_duration": {
            "min": 598.0038,
            "med": 598.0038,
            "max": 598.0038,
            "p(90)": 598.0038,
            "p(95)": 598.0038,
            "avg": 598.0038
        },
        "http_req_duration{expected_response:true}": {
            "avg": 598.0038,
            "min": 598.0038,
            "med": 598.0038,
            "max": 598.0038,
            "p(90)": 598.0038,
            "p(95)": 598.0038
        },
        "http_req_blocked": {
            "p(90)": 464.6112,
            "p(95)": 464.6112,
            "avg": 464.6112,
            "min": 464.6112,
            "med": 464.6112,
            "max": 464.6112
        },
        "http_req_connecting": {
            "avg": 156.8314,
            "min": 156.8314,
            "med": 156.8314,
            "max": 156.8314,
            "p(90)": 156.8314,
            "p(95)": 156.8314
        }
    }
}